glacier_id,region_group,start_year,end_year,dh_m,sigma_dh_m,area_m2,lat,lon
G1,Example region,2000,2001,-0.4675,0.504,12646000,28.089,86.956
G1,Example region,2001,2003,-0.765,0.7245,12646000,28.089,86.956
G1,Example region,2003,2006,-1.445,0.945,12646000,28.089,86.956
G1,Example region,2006,2007,0.3825,0.441,12646000,28.089,86.956
G1,Example region,2007,2010,-1.2325,0.819,12646000,28.089,86.956
G1,Example region,2010,2014,-3.23,1.197,12646000,28.089,86.956
G1,Example region,2014,2020,-5.44,1.7325,12646000,28.089,86.956
G2,Example region,2000,2001,-0.55,0.48,6803000,28.103,86.985
G2,Example region,2001,2003,-0.9,0.69,6803000,28.103,86.985
G2,Example region,2003,2006,-1.7,0.9,6803000,28.103,86.985
G2,Example region,2006,2007,0.45,0.42,6803000,28.103,86.985
G2,Example region,2007,2010,-1.45,0.78,6803000,28.103,86.985
G2,Example region,2010,2014,-3.8,1.14,6803000,28.103,86.985
G2,Example region,2014,2020,-6.4,1.65,6803000,28.103,86.985
G3,Example region,2000,2001,-0.385,0.432,6293000,28.081,86.986
G3,Example region,2001,2003,-0.63,0.621,6293000,28.081,86.986
G3,Example region,2003,2006,-1.19,0.81,6293000,28.081,86.986
G3,Example region,2006,2007,0.315,0.378,6293000,28.081,86.986
G3,Example region,2007,2010,-1.015,0.702,6293000,28.081,86.986
G3,Example region,2010,2014,-2.66,1.026,6293000,28.081,86.986
G3,Example region,2014,2020,-4.48,1.485,6293000,28.081,86.986
G4,Example region,2000,2001,-0.66,0.552,19177000,28.047,87.007
G4,Example region,2001,2003,-1.08,0.7935,19177000,28.047,87.007
G4,Example region,2003,2006,-2.04,1.035,19177000,28.047,87.007
G4,Example region,2006,2007,0.54,0.483,19177000,28.047,87.007
G4,Example region,2007,2010,-1.74,0.897,19177000,28.047,87.007
G4,Example region,2010,2014,-4.56,1.311,19177000,28.047,87.007
G4,Example region,2014,2020,-7.68,1.8975,19177000,28.047,87.007
