start,end,period_years,dh_m,sigma_dh_m,past_dhdt_m_yr,sigma_past_dhdt_m_yr,mu_rho_kg_m3,sigma_rho_kg_m3,area_m2,dV_m3,dM_kg,sigma_dM_rho_kg,sigma_dV_m3,sigma_dM_dh_kg,sigma_dM_total_kg
2000.0,2001.0,1.0,-0.55,0.18,-0.55,0.36,801.8870574510869,233.1589734516453,25000000.0,-13750000.000000002,-11025947039.952446,3205935884.960123,4500000.0,3803342862.71334,4974278020.962193
2000.0,2002.0,2.0,-0.9,0.2545584412271571,-0.45,0.2545584412271571,846.2997724093008,197.28024995051484,25000000.0,-22500000.0,-19041744879.209267,4438805623.886584,6363961.030678927,5592794343.772674,7140192149.962267
2000.0,2003.0,3.0,-0.8,0.3117691453623979,-0.26666666666666666,0.20784609690826528,969.5729990525858,264.86622942978516,25000000.0,-20000000.0,-19391459981.051716,5297324588.595703,7794228.634059948,6664813391.981641,8513600022.721203
2000.0,2004.0,4.0,-1.65,0.37040518354904267,-0.4125,0.18520259177452134,850.9427035045123,152.59109723423782,25000000.0,-41250000.0,-35101386519.561134,6294382760.91231,9260129.588726066,8212276374.477883,10347015878.584398
2000.0,2005.0,5.0,-2.3,0.42095130359698374,-0.45999999999999996,0.1683805214387935,838.8488706206788,123.37265104525679,25000000.0,-57499999.99999999,-48233810060.689026,7093927435.102264,10523782.589924594,9443003037.59658,11810762584.29382
2000.0,2006.0,6.0,-2.5,0.4578209256903839,-0.4166666666666667,0.15260697523012798,848.3845141465465,123.01178984790454,25000000.0,-62500000.0,-53024032134.15916,7688236865.494034,11445523.142259598,10261105418.844778,12821827892.956104
2000.0,2007.0,7.0,-2.25,0.4919349550499537,-0.32142857142857145,0.14055284429998677,895.594109018228,146.71506741088535,25000000.0,-56250000.0,-50377168632.27532,8252722541.862302,12298373.876248842,10870632585.616798,13648372876.077057
2000.0,2008.0,8.0,-2.7,0.5238320341483518,-0.3375,0.13095800853708794,878.23943909491,130.8064483179029,25000000.0,-67500000.0,-59281162138.906425,8829435261.458445,13095800.853708794,11710215847.75387,14665881570.409317
2000.0,2009.0,9.0,-3.8000000000000003,0.5681549084536717,-0.4222222222222223,0.12625664632303815,846.2195976226069,100.18423561477509,25000000.0,-95000000.0,-80390861774.14766,9517502383.403633,14203872.71134179,12773850078.267637,15929660932.993896
2000.0,2010.0,10.0,-4.550000000000001,0.6023288138550239,-0.45500000000000007,0.12046576277100478,843.3460345583507,88.66226343610661,25000000.0,-113750000.00000001,-95930611431.0124,10085332465.857128,15058220.346375598,13630798189.080683,16956196219.032057
2001.0,2002.0,1.0,-0.35,0.18,-0.55,0.18,916.0911816293511,350.8584545005194,25000000.0,-8750000.0,-8015797839.256823,3070011476.8795447,4500000.0,3317480095.763507,4520027063.410038
2001.0,2003.0,2.0,-0.24999999999999997,0.2545584412271571,-0.55,0.18,1338.4820705758834,674.7301284222599,25000000.0,-6249999.999999999,-8365512941.09927,4217063302.6391234,6363961.030678927,4695138728.43314,6310938961.652089
2001.0,2004.0,3.0,-1.0999999999999999,0.3237282811247729,-0.55,0.18,875.470526531225,196.97289134250974,25000000.0,-27499999.999999996,-24075439479.608685,5416754511.919017,8093207.028119323,6459007893.358694,8429710102.302744
2001.0,2005.0,4.0,-1.75,0.380525951808809,-0.55,0.18,850.4654404739791,144.6439688023702,25000000.0,-43750000.0,-37207863020.73659,6328173635.103697,9513148.795220224,7843401239.056485,10077932553.497982
2001.0,2006.0,5.0,-1.95,0.4209513035969838,-0.55,0.18,861.4991814196248,143.34185371890865,25000000.0,-48750000.0,-41998085094.20671,6987915368.796797,10523782.589924594,8767085029.253454,11211277407.665306
2001.0,2007.0,6.0,-1.7,0.4578209256903839,-0.55,0.18,925.91109628995,178.93093439302507,25000000.0,-42500000.0,-39351221592.322876,7604564711.703566,11445523.142259598,9453632821.493242,12132624529.676231
2001.0,2008.0,7.0,-2.15,0.4919349550499537,-0.55,0.18,897.7714437014694,153.05749487628367,25000000.0,-53750000.0,-48255215098.95398,8226840349.600247,12298373.876248842,10375977357.264101,13241669390.838453
2001.0,2009.0,8.0,-3.25,0.5388877434122992,-0.55,0.18,853.7220274977873,110.29287434058976,25000000.0,-81250000.0,-69364914734.19522,8961296040.172918,13472193.585307479,11524882748.085926,14598895474.546951
2001.0,2010.0,9.0,-4.0,0.5748043145279966,-0.55,0.18,849.0466439105994,95.6221240343451,25000000.0,-100000000.0,-84904664391.05994,9562212403.434511,14370107.863199916,12448194884.456,15696925238.077467
2002.0,2003.0,1.0,0.1,0.18,-0.4413092350106475,0.12775898254792986,-139.88604073697968,1156.4533664817423,25000000.0,2500000.0,-349715101.8424492,2891133416.2043557,4500000.0,2806176345.270891,4029054245.235644
2002.0,2004.0,2.0,-0.75,0.26907248094147423,-0.4413092350106475,0.12775898254792986,856.5142208187663,238.01405881448503,25000000.0,-18750000.0,-16059641640.351868,4462763602.771594,6726812.023536856,4950522148.305512,6665127794.355208
2002.0,2005.0,3.0,-1.4,0.3352610922848042,-0.4413092350106475,0.12775898254792986,834.0590051851362,158.10306916653158,25000000.0,-35000000.0,-29192065181.479767,5533607420.828606,8381527.307120105,6527572011.4630785,8557453327.520143
2002.0,2006.0,4.0,-1.5999999999999999,0.380525951808809,-0.4413092350106475,0.12775898254792986,849.5571813737472,156.9354778509594,25000000.0,-40000000.0,-33982287254.94989,6277419114.038376,9513148.795220224,7569501060.199861,9833785488.491253
2002.0,2007.0,5.0,-1.3499999999999999,0.4209513035969838,-0.4413092350106475,0.12775898254792986,928.457000090846,206.14309675356998,25000000.0,-33750000.0,-31335423753.06605,6957329515.432987,10523782.589924594,8336996727.460371,10858634740.150345
2002.0,2008.0,6.0,-1.7999999999999998,0.4578209256903839,-0.4413092350106475,0.12775898254792986,894.2092724377146,169.61238550984436,25000000.0,-44999999.99999999,-40239417259.69715,7632557347.942995,11445523.142259598,9339280151.209122,12061429658.726501
2002.0,2009.0,7.0,-2.9,0.5079370039680118,-0.4413092350106475,0.12775898254792986,846.1947157922536,116.12437979048966,25000000.0,-72500000.0,-61349116894.93839,8419017534.8105,12698425.099200295,10563611148.895163,13508135946.773294
2002.0,2010.0,8.0,-3.6500000000000004,0.5458937625582473,-0.4413092350106475,0.12775898254792986,842.6177156361986,99.24371434973993,25000000.0,-91250000.00000001,-76888866551.80313,9055988934.41377,13647344.063956182,11543971135.46291,14672225637.462965
2003.0,2004.0,1.0,-0.85,0.2,-0.22868270747333952,0.10496179488693344,739.2906606357374,159.98343543271633,25000000.0,-21250000.0,-15709926538.509418,3399648002.9452224,5000000.0,3564315704.0508695,4925642392.832948
2003.0,2005.0,2.0,-1.5,0.28284271247461906,-0.22868270747333952,0.10496179488693344,769.1293354569952,125.82077880344904,25000000.0,-37500000.0,-28842350079.63732,4718279205.129339,7071067.811865477,5388896006.632119,7162566497.272576
2003.0,2006.0,3.0,-1.7,0.3352610922848042,-0.22868270747333952,0.10496179488693344,791.3546388966456,131.10620814747932,25000000.0,-42500000.0,-33632572153.107437,5572013846.267871,8381527.307120105,6557250107.076769,8604932728.950249
2003.0,2007.0,4.0,-1.45,0.380525951808809,-0.22868270747333952,0.10496179488693344,854.7781696889269,174.5703071752744,25000000.0,-36250000.0,-30985708651.223602,6328173635.103697,9513148.795220224,7403645919.834265,9739597243.330963
2003.0,2008.0,5.0,-1.9,0.4209513035969838,-0.22868270747333952,0.10496179488693344,839.783203323257,148.71159205995394,25000000.0,-47500000.0,-39889702157.854706,7063800622.847812,10523782.589924594,8482357008.478668,11038462739.830774
2003.0,2009.0,6.0,-3.0,0.4749736834815167,-0.22868270747333952,0.10496179488693344,813.3253572412793,105.42713445463708,25000000.0,-75000000.0,-60999401793.09595,7907035084.097781,11874342.087037917,9773671536.241356,12571629135.457651
2003.0,2010.0,7.0,-3.75,0.5153639490690051,-0.22868270747333952,0.10496179488693344,816.4176154662471,91.54230227091101,25000000.0,-93750000.0,-76539151449.96066,8582090837.897907,12884098.726725128,10803739357.38285,13797574687.320755
2004.0,2005.0,1.0,-0.65,0.2,-0.42663635638605857,0.09578893547491193,808.1491409924862,201.3403805317464,25000000.0,-16250000.0,-13132423541.127901,3271781183.640879,5000000.0,3668694486.359951,4915676082.480865
2004.0,2006.0,2.0,-0.8500000000000001,0.26907248094147423,-0.42663635638605857,0.09578893547491193,843.4186171575541,207.75141791666925,25000000.0,-21250000.000000004,-17922645614.598026,4414717630.729222,6726812.023536856,5138908727.801132,6774814733.38881
2004.0,2007.0,3.0,-0.6000000000000001,0.3237282811247729,-0.42663635638605857,0.09578893547491193,1018.3854741809457,355.82876663481517,25000000.0,-15000000.000000002,-15275782112.714188,5337431499.522228,8093207.028119323,6132317038.901887,8129790112.770348
2004.0,2008.0,4.0,-1.05,0.37040518354904267,-0.42663635638605857,0.09578893547491193,921.1343093083921,235.8820496067481,25000000.0,-26250000.0,-24179775619.34529,6191903802.177137,9260129.588726066,7345126084.958822,9606797067.668194
2004.0,2009.0,5.0,-2.1500000000000004,0.4308131845707603,-0.42663635638605857,0.09578893547491193,842.5948884574237,132.81635857103146,25000000.0,-53750000.00000001,-45289475254.58653,7138879273.192942,10770329.614269007,8742102553.121239,11286627234.32083
2004.0,2010.0,6.0,-2.9000000000000004,0.4749736834815167,-0.42663635638605857,0.09578893547491193,839.0237918820862,108.68989725686478,25000000.0,-72500000.00000001,-60829224911.45126,7880017551.122698,11874342.087037917,9845590869.361889,12610723063.046938
2005.0,2006.0,1.0,-0.2,0.18,-0.48805452161187957,0.08858677483712106,958.0444146940241,592.7960743947257,25000000.0,-5000000.0,-4790222073.47012,2963980371.9736285,4500000.0,3305947749.04599,4440097990.457776
2005.0,2007.0,2.0,0.04999999999999999,0.2545584412271571,-0.48805452161187957,0.08858677483712106,-1714.6868572690282,3373.6506421112995,25000000.0,1249999.9999999998,-2143358571.5862849,4217063302.6391234,6363961.030678927,4551842815.654176,6205070178.240382
2005.0,2008.0,3.0,-0.4,0.3117691453623979,-0.48805452161187957,0.08858677483712106,1104.735207821739,525.6911696213774,25000000.0,-10000000.0,-11047352078.21739,5256911696.213774,7794228.634059948,6007567803.494105,7982856098.876402
2005.0,2009.0,4.0,-1.5,0.38157568056677826,-0.48805452161187957,0.08858677483712106,857.5213790255633,169.20004237162016,25000000.0,-37500000.0,-32157051713.458626,6345001588.935756,9539392.014169456,7567371685.975245,9875432111.927917
2005.0,2010.0,5.0,-2.25,0.43081318457076034,-0.48805452161187957,0.08858677483712106,847.9431354724151,127.44338791603168,25000000.0,-56250000.0,-47696801370.32335,7168690570.276782,10770329.614269009,8772458137.111996,11328995818.68392
2006.0,2007.0,1.0,0.25,0.18,-0.417020912713318,0.08015412224228023,423.49816030141375,479.9584849519059,25000000.0,6250000.0,2646863501.883836,2999740530.949412,4500000.0,2852922632.547176,4139759751.5218883
2006.0,2008.0,2.0,-0.2,0.2545584412271571,-0.417020912713318,0.08015412224228023,1251.426000949454,868.3303734488217,25000000.0,-5000000.0,-6257130004.74727,4341651867.244108,6363961.030678927,4685047458.311223,6387457289.326693
2006.0,2009.0,3.0,-1.3,0.33645207682521444,-0.417020912713318,0.08015412224228023,842.0562966150309,172.620226226224,25000000.0,-32500000.0,-27366829639.988503,5610157352.35228,8411301.920630362,6477153688.594868,8568978085.152887
2006.0,2010.0,4.0,-2.05,0.39140771581561856,-0.417020912713318,0.08015412224228023,837.2015472556728,127.360904290612,25000000.0,-51249999.99999999,-42906579296.853226,6527246344.893864,9785192.895390464,7800197849.094039,10170940533.30082
2007.0,2008.0,1.0,-0.45,0.18,-0.2656554652154505,0.07421676689325322,791.4660894783204,278.99640506837227,25000000.0,-11250000.0,-8903993506.631105,3138709557.019188,4500000.0,3300507725.394528,4554651350.950207
2007.0,2009.0,2.0,-1.55,0.2842534080710379,-0.2656554652154505,0.07421676689325322,774.5469197902539,122.34387255860884,25000000.0,-38750000.0,-30013693141.87234,4740825061.646092,7106335.201775947,5428970540.090905,7207575416.900374
2007.0,2010.0,3.0,-2.3,0.34756294393965537,-0.2656554652154505,0.07421676689325322,792.2337878041229,100.8193302104991,25000000.0,-57499999.99999999,-45553442798.73706,5797111487.103698,8689073.598491384,6895002610.900621,9008194191.858656
2008.0,2009.0,1.0,-1.1,0.22,-0.3048611410322981,0.06985600285338965,767.6254412814994,129.2005914671009,25000000.0,-27500000.000000004,-21109699635.241238,3553016265.3452754,5500000.0,4049282632.3346896,5387078467.809379
2008.0,2010.0,2.0,-1.85,0.2973213749463701,-0.3048611410322981,0.06985600285338965,792.4205252347234,105.38184942182394,25000000.0,-46250000.0,-36649449292.10596,4873910535.759357,7433034.373659253,5760545753.602995,7545786326.814427
2009.0,2010.0,1.0,-0.75,0.2,-0.4654933988072276,0.07129262893746943,828.7866483661187,177.93745181218287,25000000.0,-18750000.0,-15539749656.864725,3336327221.478429,5000000.0,3749778242.491389,5019154928.535259
