glacier_id,start,end,period_years,dh_m,sigma_dh_m,past_dh_m,sigma_past_dh_m,mu_rho_kg_m3,sigma_rho_kg_m3,area_m2,dV_m3,dM_kg,sigma_dM_rho_kg,sigma_dV_m3,sigma_dM_dh_kg,sigma_dM_total_kg,region_group,lat,lon
G1,2000.0,2001.0,1.0,-0.4675,0.504,-0.4675,1.008,815.4865314527826,269.56814684280187,12646000.0,-5912005.0,-4821160451.381508,1593688231.9753788,6373584.0,5295500579.346308,5530114697.417576,Example region,28.089,86.956
G1,2000.0,2003.0,3.0,-1.2325,0.8825623207456798,-0.41083333333333333,0.5883748804971198,851.0797862908923,174.93268974333785,12646000.0,-15586195.0,-13265095509.688175,2726535014.214164,11160883.108149866,9595303963.343397,9975161719.62587,Example region,28.089,86.956
G1,2000.0,2006.0,6.0,-2.6775,1.2930356723617489,-0.44625000000000004,0.4310118907872496,832.3433778334377,114.76366859653909,12646000.0,-33859665.0,-28182867938.408627,3885859372.849834,16351729.112686677,14225314547.66977,14746507282.936867,Example region,28.089,86.956
G1,2000.0,2007.0,7.0,-2.2950000000000004,1.366170651858691,-0.3278571428571429,0.39033447195962595,901.0058681338168,144.33288926850076,12646000.0,-29022570.000000004,-26149505878.32447,4188911382.0973125,17276594.063405003,15193152019.138596,15760039557.174963,Example region,28.089,86.956
G1,2000.0,2010.0,10.0,-3.5275000000000003,1.592853806851087,-0.35275,0.3185707613702174,869.1742129583313,112.04293176168177,12646000.0,-44608765.00000001,-38772788209.91816,4998096812.867899,20143229.241438843,17867864832.585526,18553748015.59908,Example region,28.089,86.956
G1,2000.0,2014.0,14.0,-6.7575,1.9924839397094272,-0.48267857142857146,0.28464056281563244,854.6805014265651,70.81858691490339,12646000.0,-85455345.0,-73037017114.18011,6051826777.225555,25196951.901565418,22421577746.078896,23223947897.91358,Example region,28.089,86.956
G1,2000.0,2020.0,20.0,-12.197500000000002,2.6403690083016804,-0.6098750000000001,0.26403690083016806,860.3037091735423,47.96518470012943,12646000.0,-154249585.00000003,-132701490113.97961,7398609834.4433155,33390106.478983052,29743224729.947422,30649614105.53936,Example region,28.089,86.956
G1,2001.0,2003.0,2.0,-0.765,0.7245,-0.4675,0.504,872.8312198030706,228.67783389332084,12646000.0,-9674190.0,-8443935058.306667,2212272813.8724256,9162027.0,6967917370.247076,7310678729.200863,Example region,28.089,86.956
G1,2001.0,2006.0,5.0,-2.21,1.1907666648004553,-0.4675,0.504,835.9092491831917,126.80910026626651,12646000.0,-27947660.0,-23361707487.02712,3544017619.147526,15058435.243066559,12293990601.100208,12794618625.999306,Example region,28.089,86.956
G1,2001.0,2007.0,6.0,-1.8275,1.2698055953570218,-0.4675,0.504,922.8829077498953,167.6248304689714,12646000.0,-23110565.0,-21328345426.94296,3873904540.167144,16057961.558884896,13356856290.568523,13907291122.041975,Example region,28.089,86.956
G1,2001.0,2010.0,9.0,-3.0599999999999996,1.5110153043566434,-0.4675,0.504,877.3764976327901,122.41869700833108,12646000.0,-38696759.99999999,-33951627758.53664,4737206937.644105,19108299.538894113,16269832666.248507,16945459113.2194,Example region,28.089,86.956
G1,2001.0,2014.0,13.0,-6.289999999999999,1.9276867613800746,-0.4675,0.504,857.5935667624543,73.39666555067144,12646000.0,-79543339.99999999,-68215856662.79859,5838215922.763345,24377526.78441242,21101985579.859276,21894715357.213398,Example region,28.089,86.956
G1,2001.0,2020.0,19.0,-11.73,2.591820306271251,-0.4675,0.504,862.0899010392246,48.70598568612411,12646000.0,-148337580.0,-127880329662.59807,7224928048.19429,32776159.593106236,28724862556.152275,29619542774.516685,Example region,28.089,86.956
G1,2003.0,2006.0,3.0,-1.445,0.945,-0.40606324254566284,0.29677438418659907,816.3623235609028,151.5168141747389,12646000.0,-18273470.0,-14917772428.720451,2768737958.317666,11950470.0,9332755360.346735,9734794938.667675,Example region,28.089,86.956
G1,2003.0,2007.0,4.0,-1.0625,1.0428355575065513,-0.40606324254566284,0.29677438418659907,958.9201230716093,236.6778271722759,12646000.0,-13436375.0,-12884410368.636293,3180092040.0718884,13187698.460227849,10535492144.300215,11004979786.712019,Example region,28.089,86.956
G1,2003.0,2010.0,7.0,-2.295,1.3259966063304989,-0.40606324254566284,0.29677438418659907,878.8915902426967,144.33288926850076,12646000.0,-29022570.0,-25507692700.22998,4188911382.0973125,16768553.08365549,13903132192.744648,14520470492.928148,Example region,28.089,86.956
G1,2003.0,2014.0,11.0,-5.525,1.7863583067234858,-0.40606324254566284,0.29677438418659907,855.4837378799076,77.32788935647676,12646000.0,-69869150.0,-59771921604.49194,5402833900.631078,22590287.1468252,19238727890.943775,19982974378.695137,Example region,28.089,86.956
G1,2003.0,2020.0,17.0,-10.965,2.4884999999999997,-0.40606324254566284,0.29677438418659907,861.3405067068633,49.60137360228569,12646000.0,-138663390.0,-119436394604.2914,6877894612.349445,31469570.999999996,27345532273.32437,28197226275.114548,Example region,28.089,86.956
G1,2006.0,2007.0,1.0,0.3825,0.441,-0.45352661990881876,0.22651437634358237,420.3684360311632,323.3992941060362,12646000.0,4837095.0,2033362060.0841594,1564313108.5238373,5576886.0,3553273721.996644,3882374227.8316493,Example region,28.089,86.956
G1,2006.0,2010.0,4.0,-0.8499999999999999,0.9301838527947042,-0.45352661990881876,0.22651437634358237,985.1913436017459,292.43534077611247,12646000.0,-10749099.999999998,-10589920271.509525,3143416721.53651,11763105.00244183,9220890331.105076,9741965262.897545,Example region,28.089,86.956
G1,2006.0,2014.0,8.0,-4.08,1.5159323863550116,-0.45352661990881876,0.22651437634358237,869.3392387845549,89.91978424429949,12646000.0,-51595680.0,-44854149175.771484,4639472413.537918,19170480.957845476,15930453343.08688,16592288811.138966,Example region,28.089,86.956
G1,2006.0,2020.0,14.0,-9.52,2.302087585214776,-0.45352661990881876,0.22651437634358237,868.1675523629466,52.29667672232481,12646000.0,-120389920.0,-104518622175.57095,6295992726.866547,29112199.602626055,25047532023.984222,25826699071.102207,Example region,28.089,86.956
G1,2007.0,2010.0,3.0,-1.2325,0.819,-0.26380911475914665,0.20169094376750832,809.9014757350133,174.93268974333785,12646000.0,-15586195.0,-12623282331.593685,2726535014.214164,10357074.0,8169916895.605071,8612870326.716236,Example region,28.089,86.956
G1,2007.0,2014.0,7.0,-4.4625,1.4503689185858888,-0.26380911475914665,0.20169094376750832,830.8560271199785,77.3981874493871,12646000.0,-56432775.00000001,-46887511235.85565,4367794497.739086,18341365.34443715,15261252134.649347,15873986439.82724,Example region,28.089,86.956
G1,2007.0,2020.0,13.0,-9.9025,2.2594526438940914,-0.26380911475914665,0.20169094376750832,850.8705907878991,48.70004460951485,12646000.0,-125227015.0,-106551984235.6551,6098561216.816385,28573038.13468468,24603654373.65734,25348220005.62653,Example region,28.089,86.956
G1,2010.0,2014.0,4.0,-3.23,1.197,-0.33636907028638274,0.169078899682363,838.8518427800311,83.53887119824529,12646000.0,-40846580.0,-34264228904.261963,3412277185.508822,15137262.0,12411705610.824055,12872220933.487171,Example region,28.089,86.956
G1,2010.0,2020.0,10.0,-8.67,2.105793259083142,-0.33636907028638274,0.169078899682363,856.6946316532604,49.7545634726635,12646000.0,-109640820.0,-93928701904.06143,5455131137.884873,26629861.55436541,22828369379.431786,23471107861.694553,Example region,28.089,86.956
G1,2014.0,2020.0,6.0,-5.44,1.7325,-0.5954351416141178,0.18129922692722458,867.2887875467403,61.867837477812245,12646000.0,-68794240.0,-59664472999.79946,4256150859.7296104,21909195.0,18614110762.454147,19094500245.29808,Example region,28.089,86.956
G2,2000.0,2001.0,1.0,-0.55,0.48,-0.55,0.96,824.9642522486818,233.15897345164527,6803000.0,-3741650.0000000005,-3086727494.4262805,872399273.0153487,3265440.0,2755017535.5185046,2889844651.9790926,Example region,28.103,86.985
G2,2000.0,2003.0,3.0,-1.4500000000000002,0.840535543567314,-0.4833333333333334,0.5603570290448759,858.3165845433754,151.04807437536832,6803000.0,-9864350.000000002,-8466735200.740446,1489991072.4646647,5718163.302888437,4984820564.376148,5202740571.569156,Example region,28.103,86.985
G2,2000.0,2006.0,6.0,-3.1500000000000004,1.2314625451064274,-0.525,0.4104875150354758,838.0020695197226,99.20082458724985,6803000.0,-21429450.000000004,-17957923448.669422,2125819110.4512417,8377639.694359026,7370255658.707368,7670708921.935944,Example region,28.103,86.985
G2,2000.0,2007.0,7.0,-2.7,1.3011149065320864,-0.38571428571428573,0.37174711615202466,907.9070100811559,124.7261857008963,6803000.0,-18368100.0,-16676526751.87168,2290983051.5726333,8851484.709137784,7861740725.047661,8188746581.16039,Example region,28.103,86.985
G2,2000.0,2010.0,10.0,-4.15,1.5170036255724637,-0.41500000000000004,0.30340072511449273,874.6600552496881,96.79953333879966,6803000.0,-28232450.000000004,-24693796276.83406,2732887985.010995,10320175.66476947,9248538914.721874,9643865863.632816,Example region,28.103,86.985
G2,2000.0,2014.0,14.0,-7.95,1.8976037521042162,-0.5678571428571428,0.2710862503006023,859.3612385664682,61.37486514196043,6803000.0,-54083850.0,-46477564322.44308,3319389000.1080165,12909398.325564982,11575103517.4853,12041651247.837177,Example region,28.103,86.985
G2,2000.0,2020.0,20.0,-14.350000000000001,2.5146371507635052,-0.7175,0.2514637150763505,864.4153910524575,41.68975480910068,6803000.0,-97623050.00000001,-84386866941.48363,4069881018.2165766,17107076.536644127,15325330805.378723,15856534797.891047,Example region,28.103,86.985
G2,2001.0,2003.0,2.0,-0.9,0.69,-0.55,0.48,878.6985653901324,197.28024995051487,6803000.0,-6122700.0,-5380007706.314164,1207887786.3720174,4694070.0,3617117912.557774,3813467568.73754,Example region,28.103,86.985
G2,2001.0,2006.0,5.0,-2.6,1.134063490286148,-0.55,0.48,840.7600693270582,109.59887451334185,6803000.0,-17687800.0,-14871195954.24314,1938562972.617088,7715033.924416664,6359019875.291781,6647944056.10922,Example region,28.103,86.985
G2,2001.0,2007.0,6.0,-2.15,1.2093386622447824,-0.55,0.48,929.1249248755098,144.83195922192576,6803000.0,-14626450.0,-13589799257.4454,2118377409.9615362,8227130.919251255,6900102036.559521,7217958919.664768,Example region,28.103,86.985
G2,2001.0,2010.0,9.0,-3.5999999999999996,1.4390621946253748,-0.55,0.48,882.252469597064,105.75002648226261,6803000.0,-24490799.999999996,-21607068782.407772,2589902748.571797,9789940.110036425,8411576004.703763,8801261678.303165,Example region,28.103,86.985
G2,2001.0,2014.0,13.0,-7.3999999999999995,1.835892153695309,-0.55,0.48,861.9177713333307,63.61851852507699,6803000.0,-50342200.0,-43390836828.0168,3202696183.293131,12489574.321589187,10884151236.174805,11345572307.04586,Example region,28.103,86.985
G2,2001.0,2020.0,19.0,-13.8,2.4684002916869057,-0.55,0.48,865.9877190482601,42.34363773343552,6803000.0,-93881400.0,-81300139447.05733,3975279991.507754,16792527.18434602,14792230128.296501,15317079459.850191,Example region,28.103,86.985
G2,2003.0,2006.0,3.0,-1.7,0.9,-0.477721461818427,0.2826422706539038,820.6749831760189,131.10620814747932,6803000.0,-11565100.0,-9491188247.928976,1516256407.8464131,6122700.0,4824980532.89878,5057615113.587381,Example region,28.103,86.985
G2,2003.0,2007.0,4.0,-1.25,0.993176721434811,-0.477721461818427,0.2826422706539038,965.4319037049813,204.647032839463,6803000.0,-8503750.0,-8209791551.131235,1740267205.5085835,6756581.235921019,5438892942.595371,5710524178.005238,Example region,28.103,86.985
G2,2003.0,2010.0,7.0,-2.7,1.2628539107909513,-0.477721461818427,0.2826422706539038,883.4371043327079,124.7261857008963,6803000.0,-18368100.0,-16227061076.093613,2290983051.5726333,8591195.155110842,7186652132.374709,7542981652.7921505,Example region,28.103,86.985
G2,2003.0,2014.0,11.0,-6.5,1.701293625450939,-0.477721461818427,0.2826422706539038,859.5942767716197,67.07872722704843,6803000.0,-44219500.0,-38010829121.70264,2966187778.616468,11573900.533942739,9918788774.556673,10352808348.090153,Example region,28.103,86.985
G2,2003.0,2020.0,17.0,-12.9,2.3699999999999997,-0.477721461818427,0.2826422706539038,865.1009158151062,43.15616142937857,6803000.0,-87758700.0,-75920131740.74316,3787328624.0324054,16123109.999999998,14078112119.679102,14578652165.432537,Example region,28.103,86.985
G2,2006.0,2007.0,1.0,0.45,0.42,-0.5335607293044926,0.21572797747007844,418.5724261511231,278.99640506837227,6803000.0,3061350.0,1281396696.7977407,854105644.6560614,2857260.0,1793685701.6435702,1986656701.2229197,Example region,28.103,86.985
G2,2006.0,2010.0,4.0,-1.0,0.885889383614004,-0.5335607293044926,0.21572797747007844,990.1327102990793,252.45203250818417,6803000.0,-6803000.0,-6735872828.164637,1717431177.153177,6026705.476726069,4762259305.398409,5062478003.913842,Example region,28.103,86.985
G2,2006.0,2014.0,8.0,-4.8,1.4437451298619157,-0.5335607293044926,0.21572797747007844,873.3781932533949,78.07094929576763,6803000.0,-32654400.0,-28519640873.77366,2549360006.6837144,9821798.118450612,8202282950.149326,8589335366.487253,Example region,28.103,86.985
G2,2006.0,2020.0,14.0,-11.2,2.1924643668712154,-0.5335607293044926,0.21572797747007844,871.8441377335392,45.54930414090709,6803000.0,-76193600.0,-66428943492.81419,3470565459.990618,14915335.087824877,12887644879.896973,13346767966.90549,Example region,28.103,86.985
G2,2007.0,2010.0,3.0,-1.45,0.78,-0.31036366442252544,0.1920866131119127,812.7519324600585,151.04807437536834,6803000.0,-9864350.0,-8017269524.962378,1489991072.4646647,5306340.0,4225570510.369286,4480571340.144798,Example region,28.103,86.985
G2,2007.0,2014.0,7.0,-5.25,1.3813037319865606,-0.31036366442252544,0.1920866131119127,834.3948417874858,67.25403520279646,6803000.0,-35715750.0,-29801037570.571396,2402028307.7942777,9397009.288704572,7859856900.750396,8218703698.985543,Example region,28.103,86.985
G2,2007.0,2020.0,13.0,-11.65,2.1518596608515157,-0.31036366442252544,0.1920866131119127,854.3357883591112,42.44310817716965,6803000.0,-79254950.0,-67710340189.61194,3363826416.426172,14639101.272772862,12661152057.479662,13100385474.575472,Example region,28.103,86.985
G2,2010.0,2014.0,4.0,-3.8,1.14,-0.3957283179839797,0.1610275235070124,842.6533203466358,72.88022659025897,6803000.0,-25851400.0,-21783768045.60902,1884055889.6754208,7755419.999999999,6389830416.577179,6661801509.204212,Example region,28.103,86.985
G2,2010.0,2020.0,10.0,-10.2,2.0055173896029923,-0.3957283179839797,0.1610275235070124,860.2472188545647,43.4617081852891,6803000.0,-69390600.0,-59693070664.64956,3015834008.0021214,13643534.801469157,11746734082.140768,12127696251.157911,Example region,28.103,86.985
G2,2014.0,2020.0,6.0,-6.4,1.65,-0.7005119313107269,0.17266593040688052,870.6935960936474,54.08705838902282,6803000.0,-43539200.0,-37909302619.040535,2354907252.6113424,11224950.0,9576736727.335114,9862021826.841125,Example region,28.103,86.985
G3,2000.0,2001.0,1.0,-0.385,0.432,-0.385,0.864,813.1254601732911,321.47836937674487,6293000.0,-2422805.0,-1970044430.5351505,778879400.7178243,2718576.0,2250862628.248794,2381813530.087867,Example region,28.081,86.986
G3,2000.0,2003.0,3.0,-1.0150000000000001,0.7564819892105826,-0.3383333333333334,0.5043213261403884,846.1440702014127,208.999407342219,6293000.0,-6387395.000000001,-5404656403.284153,1334961769.460653,4760541.158102197,4064421897.352452,4278042576.412678,Example region,28.081,86.986
G3,2000.0,2006.0,6.0,-2.205,1.1083162905957848,-0.3675,0.3694387635319283,827.7732431244591,136.9556562092686,6293000.0,-13876065.0,-11486235326.855797,1900405587.6774645,6974634.416719274,6027307726.880489,6319808528.127176,Example region,28.081,86.986
G3,2000.0,2007.0,7.0,-1.8900000000000001,1.1710034158788778,-0.27,0.33457240453682224,894.4249449602188,172.2930223902674,6293000.0,-11893770.0,-10638084577.619501,2049213580.9146905,7369124.496125778,6434558791.070244,6752986238.394431,Example region,28.081,86.986
G3,2000.0,2010.0,10.0,-2.9050000000000002,1.3653032630152175,-0.29050000000000004,0.2730606526030435,863.9702774944192,133.7819514484451,6293000.0,-18281165.0,-15794383197.971264,2445689928.451014,8591853.434154764,7565666585.258767,7951145207.165303,Example region,28.081,86.986
G3,2000.0,2014.0,14.0,-5.565,1.7078433768937946,-0.3975,0.2439776252705421,849.9208313612163,84.27595989376339,6293000.0,-35020545.0,-29764690721.122887,2951390045.877736,10747458.37079265,9499781032.55115,9947690328.378983,Example region,28.081,86.986
G3,2000.0,2020.0,20.0,-10.045000000000002,2.263173435687155,-0.5022500000000001,0.2263173435687155,855.8096992668948,56.8997779316871,6293000.0,-63213185.00000001,-54098456844.55259,3596816188.8546543,14242150.430779265,12615311152.405375,13118047193.405363,Example region,28.081,86.986
G3,2001.0,2003.0,2.0,-0.63,0.621,-0.385,0.432,866.3221096630426,273.4685939002663,6293000.0,-3964590.0,-3434611972.749002,1084190852.6910567,3907953.0,2953155659.2040663,3145885909.0164037,Example region,28.081,86.986
G3,2001.0,2006.0,5.0,-1.8199999999999998,1.0206571412575332,-0.385,0.432,830.8718125948984,151.3509129429805,6293000.0,-11453259.999999998,-9516190896.320644,1733461357.1733205,6422995.389933656,5211764655.359935,5492483873.410301,Example region,28.081,86.986
G3,2001.0,2007.0,6.0,-1.505,1.0884047960203043,-0.385,0.432,915.2224875801305,200.12972662204555,6293000.0,-9470965.0,-8668040147.08435,1895421636.2969615,6849331.381355775,5658901330.465643,5967896400.515719,Example region,28.081,86.986
G3,2001.0,2010.0,9.0,-2.5199999999999996,1.2951559751628372,-0.385,0.432,871.7382356962582,146.19102270854978,6293000.0,-15858359.999999998,-13824338767.436111,2318349866.8803573,8150416.551699734,6890873180.924117,7270411219.514576,Example region,28.081,86.986
G3,2001.0,2014.0,13.0,-5.18,1.6523029383257781,-0.385,0.432,852.6556224630216,87.33002141001928,6293000.0,-32597740.0,-27794646290.587738,2846761332.1182423,10397942.390884122,8942177966.145838,9384380472.906443,Example region,28.081,86.986
G3,2001.0,2020.0,19.0,-9.66,2.221560262518215,-0.385,0.432,857.5108827090312,57.76360849810294,6293000.0,-60790380.0,-52128412414.01743,3511471710.770907,13980278.732027126,12184764405.294918,12680651291.952097,Example region,28.081,86.986
G3,2003.0,2006.0,3.0,-1.19,0.81,-0.33440502327289884,0.25437804358851346,812.1040082647044,180.6141771161125,6293000.0,-7488670.0,-6081578923.571644,1352559969.7441182,5097330.0,3959764654.1418495,4184394172.1526823,Example region,28.081,86.986
G3,2003.0,2007.0,4.0,-0.875,0.8938590492913299,-0.33440502327289884,0.25437804358851346,950.4307596804339,282.34904256157216,6293000.0,-5506375.0,-5233428174.335349,1554719709.2349768,5625054.997190339,4466548165.582454,4729398047.294356,Example region,28.081,86.986
G3,2003.0,2010.0,7.0,-1.89,1.1365685197118562,-0.33440502327289884,0.25437804358851346,873.5436110406636,172.29302239026737,6293000.0,-11893770.0,-10389726794.687113,2049213580.9146903,7152425.694546712,5890832182.405495,6237081056.188824,Example region,28.081,86.986
G3,2003.0,2014.0,11.0,-4.55,1.5311642629058453,-0.33440502327289884,0.25437804358851346,850.7633396199417,91.92909785743915,6293000.0,-28633150.0,-24360034317.838734,2632219648.316734,9635616.706466485,8154623080.983306,8568923962.195623,Example region,28.081,86.986
G3,2003.0,2020.0,17.0,-9.030000000000001,2.133,-0.33440502327289884,0.25437804358851346,856.8961459447978,58.77445354833878,6293000.0,-56825790.00000001,-48693800441.26844,3339904754.702655,13422969.0,11601060504.937803,12072264435.875862,Example region,28.081,86.986
G3,2006.0,2007.0,1.0,0.315,0.378,-0.37349251051314486,0.1941551797230706,427.8630321099005,386.7429943768568,6293000.0,1982295.0,848150749.2362951,766638704.0382714,2378754.0,1513972773.093254,1697011626.4177916,Example region,28.081,86.986
G3,2006.0,2010.0,4.0,-0.7,0.7973004452526037,-0.37349251051314486,0.1941551797230706,977.9909357597938,349.4663585319414,6293000.0,-4405100.0,-4308147871.115468,1539434255.9690552,5017411.701974635,3909822600.4193754,4201972226.8479033,Example region,28.081,86.986
G3,2006.0,2014.0,8.0,-3.3600000000000003,1.2993706168757242,-0.37349251051314486,0.1941551797230706,864.4551861415882,106.79536082515673,6293000.0,-21144480.000000004,-18278455394.267094,2258132371.0603104,8176939.291998932,6755398799.966891,7122820701.928736,Example region,28.081,86.986
G3,2006.0,2020.0,14.0,-7.840000000000001,1.9732179301840942,-0.37349251051314486,0.1941551797230706,863.6949525569548,61.896105426049736,6293000.0,-49337120.00000001,-42612221517.69679,3053775580.9376674,12417460.434648504,10628137223.332045,11058157447.635992,Example region,28.081,86.986
G3,2007.0,2010.0,3.0,-1.015,0.702,-0.21725456509576782,0.1728779518007214,807.2615863512063,208.99940734221906,6293000.0,-6387394.999999999,-5156298620.351763,1334961769.460653,4417686.0,3464098095.521711,3712424886.959824,Example region,28.081,86.986
G3,2007.0,2014.0,7.0,-3.675,1.2431733587879046,-0.21725456509576782,0.1728779518007214,827.0330015103008,91.84211731688706,6293000.0,-23126775.0,-19126606143.503387,2124011982.7112508,7823289.946852284,6471782355.817216,6811416428.5975065,Example region,28.081,86.986
G3,2007.0,2020.0,13.0,-8.155000000000001,1.9366736947663643,-0.21725456509576782,0.1728779518007214,846.8602431834635,57.599619059484674,6293000.0,-51319415.00000001,-43460372266.93309,2955978754.355604,12187487.561164731,10439577983.703962,10850004556.406334,Example region,28.081,86.986
G3,2010.0,2014.0,4.0,-2.66,1.026,-0.2770098225887858,0.14492477115631117,834.5773572946921,98.69305341959618,6293000.0,-16739380.0,-13970307523.151623,1652060524.55092,6456618.0,5262864528.996009,5516071702.520177,Example region,28.081,86.986
G3,2010.0,2020.0,10.0,-7.140000000000001,1.804965650642693,-0.2770098225887858,0.14492477115631117,852.4894640076569,58.69675422831446,6293000.0,-44932020.0,-38304073646.58132,2637363734.92171,11358648.839494467,9685613057.43056,10038266173.426043,Example region,28.081,86.986
G3,2014.0,2020.0,6.0,-4.48,1.485,-0.49035835191750876,0.1553993373661925,863.1247773684798,72.92034336981251,6293000.0,-28192640.000000004,-24333766123.429703,2055816989.3015113,9345105.0,7898227241.45723,8161395533.314006,Example region,28.081,86.986
G4,2000.0,2001.0,1.0,-0.66,0.552,-0.66,1.104,828.833100007427,198.68442277540666,19177000.0,-12656820.0,-10490391356.836002,2514712975.8722224,10585704.0,8958046816.249083,9304320722.82176,Example region,28.047,87.007
G4,2000.0,2003.0,3.0,-1.7400000000000002,0.9666158751024111,-0.5800000000000001,0.6444105834016074,862.5432795330205,128.44373555515213,19177000.0,-33367980.000000004,-28781326900.59224,4285907999.1296053,18536792.63683894,16251285799.96885,16806941944.603495,Example region,28.047,87.007
G4,2000.0,2006.0,6.0,-3.7800000000000002,1.4161819268723916,-0.63,0.4720606422907972,841.970717490369,84.46770046393702,19177000.0,-72489060.0,-61033665858.402405,6122984206.992358,27158120.811631855,24017063496.36751,24785283427.62347,Example region,28.047,87.007
G4,2000.0,2007.0,7.0,-3.24,1.4962821425118995,-0.4628571428571429,0.4275091835748284,913.6780895222616,106.16627326848734,19177000.0,-62133480.00000001,-56769999301.76966,6596480016.8020935,28694202.646950696,25623085292.929863,26458572307.303883,Example region,28.047,87.007
G4,2000.0,2010.0,10.0,-4.98,1.7445541694083335,-0.49800000000000005,0.3489108338816667,879.475513802643,82.3709568084909,19177000.0,-95501460.00000001,-83991195602.40257,7866546636.807823,33455315.30674361,30154542360.641624,31163744655.750256,Example region,28.047,87.007
G4,2000.0,2014.0,14.0,-9.54,2.1822443149198487,-0.6814285714285714,0.31174918784569267,863.8640593043796,52.4271577742462,19177000.0,-182948579.99999997,-158042702962.772,9591474068.2343,41848899.22721794,37717949809.40485,38918377569.29744,Example region,28.047,87.007
G4,2000.0,2020.0,20.0,-17.22,2.891832723378031,-0.861,0.2891832723378031,868.5647009128512,35.73742088364821,19177000.0,-330227940.0,-286824331939.167,11801494879.32013,55456676.13622051,49883135917.599525,51260145633.42877,Example region,28.047,87.007
G4,2001.0,2003.0,2.0,-1.08,0.7935,-0.66,0.552,883.1439447986609,167.57261740553673,19177000.0,-20711160.0,-18290935543.756233,3470623290.704856,15216949.5,11804895415.88431,12304502501.35898,Example region,28.047,87.007
G4,2001.0,2006.0,5.0,-3.12,1.3041730138290701,-0.66,0.552,844.7498288809913,93.30680377078828,19177000.0,-59832240.0,-50543274501.56641,5582755076.846709,25010125.886200078,20728365728.797974,21467004915.331436,Example region,28.047,87.007
G4,2001.0,2007.0,6.0,-2.58,1.3907394615814999,-0.66,0.552,935.3826217237308,123.25693272896332,19177000.0,-49476660.0,-46279607944.93365,6098341353.27379,26670210.65474842,22496489385.118797,23308406250.01658,Example region,28.047,87.007
G4,2001.0,2010.0,9.0,-4.32,1.654921523819181,-0.66,0.552,887.2125492435787,89.97294048824298,19177000.0,-82844640.0,-73500804245.56654,7453775864.489914,31736430.062280435,27436161263.93305,28430647539.910038,Example region,28.047,87.007
G4,2001.0,2014.0,13.0,-8.879999999999999,2.1112759767496057,-0.66,0.552,866.4677116845585,54.353475965423016,19177000.0,-170291759.99999997,-147552311605.936,9255949084.269583,40487939.406127185,35477563548.465324,36665107510.90179,Example region,28.047,87.007
G4,2001.0,2020.0,19.0,-16.56,2.8386603354399416,-0.66,0.552,870.1482067460385,36.30827533311633,19177000.0,-317571120.0,-276333940582.331,11530459662.806126,54436989.25273176,48157431599.084816,49518579525.83183,Example region,28.047,87.007
G4,2003.0,2006.0,3.0,-2.04,1.035,-0.5732657541821123,0.3250386112519894,824.4235322186956,111.77765806359595,19177000.0,-39121080.0,-32252338957.81017,4372862703.318583,19848195.0,15723635573.59197,16320375114.353273,Example region,28.047,87.007
G4,2003.0,2007.0,4.0,-1.5,1.1421532296500325,-0.5732657541821123,0.3250386112519894,972.9944691097813,174.3210892046452,19177000.0,-28765500.0,-27988672401.177414,5014433291.516222,21903072.484998673,17729098648.909866,18424589008.654816,Example region,28.047,87.007
G4,2003.0,2010.0,7.0,-3.24,1.452281997409594,-0.5732657541821123,0.3250386112519894,888.568750725218,106.16627326848734,19177000.0,-62133480.00000001,-55209868701.810326,6596480016.8020935,27850411.864323784,23440739263.669125,24351217748.592957,Example region,28.047,87.007
G4,2003.0,2014.0,11.0,-7.8,1.9564876692685798,-0.5732657541821123,0.3250386112519894,864.1586947918366,57.36465225774942,19177000.0,-149580600.0,-129261376062.1798,8580639103.505513,37519564.033563554,32333457852.63642,33452651077.796864,Example region,28.047,87.007
G4,2003.0,2020.0,17.0,-15.48,2.7255,-0.5732657541821123,0.3250386112519894,869.2415273470182,37.04015490130023,19177000.0,-296859960.0,-258043005038.57474,10995738902.39379,52266913.5,45837111280.87797,47137533289.14451,Example region,28.047,87.007
G4,2006.0,2007.0,1.0,0.54,0.483,-0.6402728751653912,0.24808717409059017,411.7264852990131,236.98346821726778,19177000.0,10355580.0,4263666556.6327543,2454101263.801374,9262491.0,5820279178.042518,6316507161.66354,Example region,28.047,87.007
G4,2006.0,2010.0,4.0,-1.2,1.0187727911561046,-0.6402728751653912,0.24808717409059017,997.615622186306,214.61417931312448,19177000.0,-23012400.0,-22957529744.00015,4938787340.025346,19537005.816000618,15532386006.227423,16298669744.382334,Example region,28.047,87.007
G4,2006.0,2014.0,8.0,-5.76,1.6603068993412031,-0.6402728751653912,0.24808717409059017,878.231564869824,66.83697258693003,19177000.0,-110459520.0,-97009037104.36961,7382779910.20545,31839705.408666253,26739174147.081276,27739662457.76024,Example region,28.047,87.007
G4,2006.0,2020.0,14.0,-13.44,2.5213340219018976,-0.6402728751653912,0.24808717409059017,876.0442587504243,39.143581343862486,19177000.0,-257738880.0,-225790666080.76456,10088822814.756012,48351622.53801269,41964475793.677956,43160185060.14223,Example region,28.047,87.007
G4,2007.0,2010.0,3.0,-1.74,0.897,-0.3724363973070306,0.22089960507869957,815.7879590143874,128.44373555515213,19177000.0,-33367980.0,-27221196300.6329,4285907999.1296053,17201769.0,13782417415.15601,14433434698.040478,Example region,28.047,87.007
G4,2007.0,2014.0,7.0,-6.3,1.5884992917845446,-0.3724363973070306,0.22089960507869957,838.2454151923259,57.63320165846539,19177000.0,-120815100.0,-101272703661.00238,6962961021.687662,30462650.918552212,25623519503.11158,26552732023.576805,Example region,28.047,87.007
G4,2007.0,2020.0,13.0,-13.98,2.4746386099792432,-0.3724363973070306,0.22089960507869957,858.1092374583097,36.50128538202466,19177000.0,-268094460.0,-230054332637.3973,9785792393.799795,47456144.62357195,41227550670.150764,42373018148.7512,Example region,28.047,87.007
G4,2010.0,2014.0,4.0,-4.56,1.311,-0.4748739815807757,0.18518165203306428,846.8147076812761,62.75342089284532,19177000.0,-87447119.99999999,-74051507360.36946,5487605927.227151,25141047.0,20837590538.206768,21548062517.323982,Example region,28.047,87.007
G4,2010.0,2020.0,10.0,-12.239999999999998,2.306344998043441,-0.4748739815807757,0.18518165203306428,864.1254976292595,37.4789991013355,19177000.0,-234726479.99999997,-202833136336.7644,8797313532.979645,44228778.02747907,38256687428.502235,39255150724.45485,Example region,28.047,87.007
G4,2014.0,2020.0,6.0,-7.68,1.8975,-0.8406143175728721,0.19856581996791262,874.4037791608746,46.6865544880704,19177000.0,-147279360.0,-128781628976.39494,6875965865.608136,36388357.5,31194375935.220776,31943199535.62713,Example region,28.047,87.007
