region_group,start,end,period_years,n_glaciers,area_m2,dV_m3,dM_kg,sigma_dM_rho_kg,mu_rho_kg_m3,sigma_rho_kg_m3,sigma_dM_dh_kg,sigma_dM_total_kg,sigma_dV_m3,dh_m,sigma_dh_m
Example region,2000.0,2001.0,1.0,4,44919000.0,-24733280.0,-20368323733.17894,5141382317.684614,823.5189078512409,207.87304868924033,10997519417.588175,12139985398.54266,13066501.29307949,-0.5506195596518177,0.29089029793805493
Example region,2000.0,2003.0,3.0,4,44919000.0,-65205920.0,-55917814014.30501,8780768882.58275,857.5573201682456,134.6621423726979,19938458057.73175,21786326259.589104,22880955.764378294,-1.4516333845366103,0.5093825722829604
Example region,2000.0,2006.0,6.0,4,44919000.0,-141654240.0,-118660692572.33624,12528092001.508593,837.678367921329,88.44134846587431,29492846927.31299,32043425364.279938,33522722.7875252,-3.153548387096774,0.7462927221782586
Example region,2000.0,2007.0,7.0,4,44919000.0,-121417920.0,-110234116509.58531,13501375271.231829,907.8900092308064,111.19755033879537,31473558462.12859,34247219105.843563,35418790.85134689,-2.703041474654378,0.7885035475265898
Example region,2000.0,2010.0,10.0,4,44919000.0,-186623840.00000003,-163252163287.12604,16105564056.522575,874.7658567475946,86.29960704121495,37031497425.72804,40382186607.097626,41295687.15656015,-4.154674859190989,0.9193367429497574
Example region,2000.0,2014.0,14.0,4,44919000.0,-357508320.0,-307321975120.51807,19562845233.43093,859.6218827033678,54.719971925215425,46363776243.47657,50322009709.29454,51656337.25129633,-7.958955453149001,1.1499885850374303
Example region,2000.0,2020.0,20.0,4,44919000.0,-645313760.0,-558011145839.1829,23986752088.15678,864.7129201757341,37.17068126388128,61375878861.94508,65896606754.937325,68453144.96266057,-14.366164874551972,1.5239240624827037
Example region,2001.0,2003.0,2.0,4,44919000.0,-40472640.0,-35549490281.12607,7118152150.153403,878.3585721397484,175.87565699083143,14481439797.181517,16136300339.053131,18783095.608801767,-0.9010138248847926,0.418154803285954
Example region,2001.0,2006.0,5.0,4,44919000.0,-116920960.0,-98292368839.1573,11424503361.707394,840.6736383207707,97.71133731460462,25463836617.52411,27909250300.673164,30871337.62970457,-2.6029288274449565,0.6872668053541835
Example region,2001.0,2007.0,6.0,4,44919000.0,-96684640.0,-89865792776.40636,12484122799.70164,929.4733142348812,129.12209012415664,27642941540.374123,30331263394.10496,32920469.15415098,-2.1524219150025603,0.7328851745174866
Example region,2001.0,2010.0,9.0,4,44919000.0,-161890560.0,-142883839553.94708,15262875923.041237,882.595251717871,94.27897416032928,33699987299.207615,36995195977.43613,39173975.05602973,-3.6040552995391706,0.8721025636374302
Example region,2001.0,2014.0,13.0,4,44919000.0,-332775040.0,-286953651387.3391,18875145072.040405,862.3052119153501,56.72043513852603,43616265379.53627,47525253362.277885,49976431.66711301,-7.408335893497184,1.1125900324386788
Example region,2001.0,2020.0,19.0,4,44919000.0,-620580480.0,-537642822106.0038,23429265110.15857,866.354710522,37.75378998411063,59258201988.175415,63721777803.773575,67194490.83992656,-13.815545314900154,1.4959035339149704
Example region,2003.0,2006.0,3.0,4,44919000.0,-76448320.0,-62742878558.03124,8935949139.790916,820.7227910048415,116.88875752653448,19320797383.29272,21287188601.48472,24499689.924524046,-1.701915002560164,0.5454193086338531
Example region,2003.0,2007.0,4.0,4,44919000.0,-56212000.0,-54316302495.28029,10255985181.604778,966.2759285433766,182.45188183314556,21791033536.339455,24083902811.36277,27036135.23934251,-1.2514080901177675,0.6018864008402349
Example region,2003.0,2010.0,7.0,4,44919000.0,-121417920.0,-107334349272.82103,13501381092.66672,884.0074782439118,111.19759828422954,28794360813.695484,31802555024.37973,34377254.70483428,-2.703041474654378,0.7653165632546202
Example region,2003.0,2014.0,11.0,4,44919000.0,-292302400.0,-251404161106.2131,17481504839.625153,860.0824389612029,59.80623094310944,39755017242.06859,43428843035.188126,46312406.993463725,-6.507322068612392,1.0310204366407028
Example region,2003.0,2020.0,17.0,4,44919000.0,-580107840.0,-502093331824.8777,22321791450.718292,865.5172318044825,38.478692945639715,56405644678.35199,60661842414.73266,64515850.13457999,-12.914531490015362,1.4362708460691465
Example region,2006.0,2007.0,1.0,4,44919000.0,20236320.0,8426576062.75095,5033293654.891076,416.4085200644658,248.72573940771227,7211853146.573038,8794593272.238472,11433188.631444555,0.4505069124423963,0.2545290106957981
Example region,2006.0,2010.0,4.0,4,44919000.0,-44969600.0,-44591470714.78978,10121072294.005629,991.5914465503313,225.06476139448935,19085220983.874416,21602818436.116356,24115572.4510787,-1.0011264720942141,0.5368679723742448
Example region,2006.0,2014.0,8.0,4,44919000.0,-215854080.0,-188661282548.18182,15025039914.386507,874.0223142790807,69.6073936354898,32888837564.211845,36158366400.51677,39301453.34628738,-4.8054070660522274,0.8749405228586429
Example region,2006.0,2020.0,14.0,4,44919000.0,-503659520.0,-439350453266.84644,20455101724.03037,872.3163879972852,40.61295560149517,51647311454.89578,55550481249.5755,59682996.843236335,-11.212616487455197,1.3286804435369517
Example region,2007.0,2010.0,3.0,4,44919000.0,-65205920.0,-53018046777.540726,8780777833.661526,813.0864003995454,134.66227964671805,16928023914.21363,19069872915.263756,21233064.601254173,-1.4516333845366103,0.4726967341493393
Example region,2007.0,2014.0,7.0,4,44919000.0,-236090400.0,-197087858610.9328,14156898650.924252,834.798274774971,59.963889471678016,31513995078.45712,34547788137.84698,37601681.25028733,-5.255913978494624,0.8370996961260787
Example region,2007.0,2020.0,13.0,4,44919000.0,-523895840.0,-447777029329.5974,19826173143.702328,854.706212841082,37.84373081432051,50737957218.42469,54474007051.27866,58577660.502170675,-11.663123399897593,1.3040731205541236
Example region,2010.0,2014.0,4.0,4,44919000.0,-170884480.0,-144069811833.3921,11104761143.240288,843.0830689445413,64.98402396309066,25627783583.65984,27930252620.757374,31032940.57106379,-3.8042805939580133,0.6908644576028805
Example region,2010.0,2020.0,10.0,4,44919000.0,-458689920.0,-394758982552.05676,17775687951.804897,860.6227548058104,38.75316892031309,47079777435.97241,50323757069.40648,54593949.09279355,-10.211490015360983,1.2153865645449264
Example region,2014.0,2020.0,6.0,4,44919000.0,-287805440.0,-250689170718.66464,13880178749.264091,871.0369432859387,48.22764555549781,38388410873.168205,40820698811.7389,44916098.19496075,-6.40720942140297,0.999935399162064
